{"file":"common_template.png","frames":{
"btn_check":{"x":259,"y":847,"w":256,"h":126,"offX":0,"offY":0,"sourceW":256,"sourceH":126},
"replay":{"x":517,"y":847,"w":120,"h":120,"offX":0,"offY":0,"sourceW":120,"sourceH":120},
"audioBg2":{"x":805,"y":1,"w":206,"h":130,"offX":0,"offY":0,"sourceW":206,"sourceH":130},
"stop":{"x":775,"y":823,"w":120,"h":120,"offX":0,"offY":0,"sourceW":120,"sourceH":120},
"arrow_right":{"x":805,"y":133,"w":141,"h":188,"offX":1,"offY":1,"sourceW":142,"sourceH":190},
"audioBg1":{"x":513,"y":587,"w":290,"h":130,"offX":0,"offY":0,"sourceW":290,"sourceH":130},
"square_box2":{"x":258,"y":403,"w":253,"h":253,"offX":4,"offY":5,"sourceW":262,"sourceH":262},
"square_box3":{"x":1,"y":403,"w":255,"h":255,"offX":1,"offY":1,"sourceW":256,"sourceH":256},
"arrow_left":{"x":825,"y":323,"w":140,"h":188,"offX":1,"offY":1,"sourceW":142,"sourceH":190},
"close1":{"x":1,"y":916,"w":102,"h":102,"offX":0,"offY":0,"sourceW":102,"sourceH":102},
"btn_stop":{"x":1,"y":660,"w":256,"h":126,"offX":0,"offY":0,"sourceW":256,"sourceH":126},
"close2":{"x":805,"y":687,"w":134,"h":134,"offX":1,"offY":0,"sourceW":136,"sourceH":134},
"btn_reset":{"x":1,"y":788,"w":256,"h":126,"offX":0,"offY":0,"sourceW":256,"sourceH":126},
"sound":{"x":825,"y":513,"w":92,"h":66,"offX":0,"offY":0,"sourceW":92,"sourceH":66},
"btn_error":{"x":948,"y":133,"w":68,"h":68,"offX":0,"offY":0,"sourceW":68,"sourceH":68},
"pause":{"x":639,"y":847,"w":120,"h":120,"offX":0,"offY":0,"sourceW":120,"sourceH":120},
"invite1":{"x":403,"y":1,"w":400,"h":400,"offX":0,"offY":2,"sourceW":400,"sourceH":404},
"invite2":{"x":1,"y":1,"w":400,"h":400,"offX":0,"offY":2,"sourceW":400,"sourceH":404},
"inviteHead":{"x":513,"y":403,"w":310,"h":182,"offX":2,"offY":4,"sourceW":314,"sourceH":186},
"btn_active":{"x":919,"y":513,"w":68,"h":68,"offX":0,"offY":0,"sourceW":68,"sourceH":68},
"btn_answer":{"x":259,"y":719,"w":256,"h":126,"offX":0,"offY":0,"sourceW":256,"sourceH":126},
"play":{"x":897,"y":823,"w":120,"h":120,"offX":0,"offY":0,"sourceW":120,"sourceH":120},
"btn_right":{"x":948,"y":203,"w":68,"h":68,"offX":0,"offY":0,"sourceW":68,"sourceH":68},
"btn_start":{"x":517,"y":719,"w":256,"h":126,"offX":0,"offY":0,"sourceW":256,"sourceH":126},
"btn_tips":{"x":805,"y":587,"w":200,"h":98,"offX":0,"offY":0,"sourceW":200,"sourceH":98}}}