{"version":150,"list":[{"id":1583748413589,"name":"首页","resources":["klDKDaCxC7zobvw_jpg","bAyFgrBvZ7vTktb_mp4","Dg64W37pYALttXI_jpg"],"isShowAllTab":false,"elements":[{"id":1583751569445,"name":"背景","type":99,"matrix":{"a":1,"b":0,"c":0,"d":1,"x":0,"y":0},"props":{"templateResources":{}},"src":"resource/offline/klDKDaCxC7zobvw.jpg","showInput":false,"isView":true,"isTab":false,"isFullScreen":true,"viewType":1,"isLock":false},{"id":1583748723494,"name":"视频","type":4,"matrix":{"a":0.664516129032258,"b":0,"c":0,"d":0.664516129032258,"x":232.2193548387097,"y":181},"props":{"mode":1,"mediaSrc":"resource/offline/bAyFgrBvZ7vTktb.mp4","posterPath":"resource/offline/Dg64W37pYALttXI.jpg","templateResources":{"postUrl":""}},"src":"","showInput":false,"isView":true,"isTab":false,"isFullScreen":false,"viewType":1,"isLock":false,"timer":2425}],"properties":{"triggerGroup":[]},"classroomTipsDis":"","interactControl":true},{"id":1583744991033,"name":"预复检查","resources":["aAhxw7v7UEe0E2R_png","1w6iugzj6K4JJhJ_mp4","ECXD6NNCOYdDDjI_jpg"],"isShowAllTab":false,"elements":[{"id":1583749254254,"name":"背景","type":99,"matrix":{"a":1,"b":0,"c":0,"d":1,"x":0,"y":0},"props":{"templateResources":{}},"src":"resource/offline/aAhxw7v7UEe0E2R.png","showInput":false,"isView":true,"isTab":false,"isFullScreen":true,"viewType":1,"isLock":false},{"id":1583749525715,"name":"视频","type":4,"matrix":{"a":1.0116818039461324,"b":0,"c":0,"d":1.0116818039461324,"x":67.18709677419344,"y":78.37864077669894},"props":{"mode":1,"mediaSrc":"resource/offline/1w6iugzj6K4JJhJ.mp4","posterPath":"resource/offline/ECXD6NNCOYdDDjI.jpg","templateResources":{"postUrl":""}},"src":"","showInput":false,"isView":true,"isTab":false,"isFullScreen":false,"viewType":1,"isLock":false,"timer":861}],"properties":{"triggerGroup":[]},"classroomTipsDis":"","interactControl":true},{"id":1583745285208,"name":"课前检验","resources":["aAhxw7v7UEe0E2R_png","TPtljELn24A49gT_mp4","4r4pISZ_mlTW0CJ_jpg"],"isShowAllTab":false,"elements":[{"id":1583749341057,"name":"背景","type":99,"matrix":{"a":1,"b":0,"c":0,"d":1,"x":0,"y":0},"props":{"templateResources":{}},"src":"resource/offline/aAhxw7v7UEe0E2R.png","showInput":false,"isView":true,"isTab":false,"isFullScreen":true,"viewType":1,"isLock":false},{"id":1583745319709,"name":"视频","type":4,"matrix":{"a":1.0188991320789451,"b":0,"c":0,"d":1.0188991320789451,"x":71.18669354838693,"y":69.99242037131648},"props":{"mode":1,"mediaSrc":"resource/offline/TPtljELn24A49gT.mp4","posterPath":"resource/offline/4r4pISZ_mlTW0CJ.jpg","templateResources":{"postUrl":""}},"src":"","showInput":false,"isView":true,"isTab":false,"isFullScreen":false,"viewType":1,"isLock":false,"timer":814}],"properties":{"triggerGroup":[]},"classroomTipsDis":"","interactControl":true},{"id":1583743437063,"name":"课前检验1","resources":["dCE89d4DJqQ4Vds_png","DrawImage_down_mp3","XRwkJvP2tu95wZe_png","ersfvJqIuW4jfss_png","9LiwsNB_Owjm8eM_png","G1WhMW5U25JOVY9_png"],"isShowAllTab":false,"elements":[{"id":1583751868722,"name":"背景","type":99,"matrix":{"a":1,"b":0,"c":0,"d":1,"x":0,"y":0},"props":{"templateResources":{}},"src":"resource/offline/dCE89d4DJqQ4Vds.png","showInput":false,"isView":true,"isTab":false,"isFullScreen":true,"viewType":1,"isLock":false},{"id":1583751838338,"name":"拖拽","type":1801,"matrix":{"a":0.35108958837772414,"b":0,"c":0,"d":0.35108958837772414,"x":74.99999999999997,"y":269.99999999999994},"props":{"templateResources":{"soundDown":"resource/template/audio/DrawImage_down.mp3"}},"src":"resource/offline/XRwkJvP2tu95wZe.png","showInput":false,"isView":true,"isTab":false,"isFullScreen":false,"viewType":1,"isLock":false,"timer":3112},{"id":1583743593685,"name":"文本","type":1,"matrix":{"a":0.8365319293478262,"b":0,"c":0,"d":0.8365319293478262,"x":84.695652173913,"y":102.51953125},"props":{"text":"1.小朋友，请你根据番茄的生长过程，将打乱的照片重新排序吧！","size":40,"fontFamily":"Muli-BlackItalic","textColor":"#000000"},"src":"","showInput":false,"isView":true,"isTab":false,"isFullScreen":false,"viewType":1,"isLock":false,"timer":1498},{"id":1583751922155,"name":"拖拽","type":1801,"matrix":{"a":0.3753026634382567,"b":0,"c":0,"d":0.3753026634382567,"x":306,"y":269},"props":{"templateResources":{"soundDown":"resource/template/audio/DrawImage_down.mp3"}},"src":"resource/offline/ersfvJqIuW4jfss.png","showInput":false,"isView":true,"isTab":false,"isFullScreen":false,"viewType":1,"isLock":false,"timer":3118},{"id":1583751959433,"name":"拖拽","type":1801,"matrix":{"a":0.416519020323085,"b":0,"c":0,"d":0.416519020323085,"x":529.8613861386139,"y":249.86315789473684},"props":{"templateResources":{"soundDown":"resource/template/audio/DrawImage_down.mp3"}},"src":"resource/offline/9LiwsNB_Owjm8eM.png","showInput":false,"isView":true,"isTab":false,"isFullScreen":false,"viewType":1,"isLock":false,"timer":3096},{"id":1583751991041,"name":"拖拽","type":1801,"matrix":{"a":0.3946731234866829,"b":0,"c":0,"d":0.3946731234866829,"x":750,"y":249},"props":{"templateResources":{"soundDown":"resource/template/audio/DrawImage_down.mp3"}},"src":"resource/offline/G1WhMW5U25JOVY9.png","showInput":false,"isView":true,"isTab":false,"isFullScreen":false,"viewType":1,"isLock":false,"timer":3123}],"properties":{"triggerGroup":[]},"classroomTipsDis":"","interactControl":true},{"id":1583743916616,"name":"课前检验2","resources":["aAhxw7v7UEe0E2R_png","kIQXsYREiIStVKQ_png","ahOGwDC-JBtgIA0_png","frp4YGFb8vZJFGY_png","5eY8CwIYbinr54x_png","9xuTcR9_vvC-6e8_png","Match_click_mp3","Match_error_mp3","Match_right_mp3","SingleChioce_type1_submit_default_png","SingleChioce_type1_submit_active_png","SingleChioce_json"],"isShowAllTab":false,"elements":[{"id":1583749816216,"name":"背景","type":99,"matrix":{"a":1,"b":0,"c":0,"d":1,"x":0,"y":0},"props":{"templateResources":{}},"src":"resource/offline/aAhxw7v7UEe0E2R.png","showInput":false,"isView":true,"isTab":false,"isFullScreen":true,"viewType":1,"isLock":false},{"id":1583744627973,"name":"Reset按钮","type":5002,"matrix":{"a":1,"b":0,"c":0,"d":1,"x":757,"y":598},"props":{"templateResources":{}},"src":"","showInput":false,"isView":true,"isTab":false,"isFullScreen":false,"viewType":2,"isLock":false,"timer":1765},{"id":1583744001510,"name":"文本","type":1,"matrix":{"a":0.8574218749999998,"b":0,"c":0,"d":0.8574218749999998,"x":82.00000000000011,"y":88.55859375},"props":{"text":"2.小朋友，请你仔细观察下图，根据规律，选出空缺处的答案。","size":40,"fontFamily":"Muli-BlackItalic","textColor":"#000000"},"src":"","showInput":false,"isView":true,"isTab":false,"isFullScreen":false,"viewType":1,"isLock":false,"timer":1095},{"id":1583752154554,"name":"图片","type":2,"matrix":{"a":0.6274215179813232,"b":0,"c":0,"d":0.6274215179813232,"x":53.88392857142861,"y":195.7287899860918},"props":{"templateResources":{}},"src":"resource/offline/kIQXsYREiIStVKQ.png","showInput":false,"isView":true,"isTab":false,"isFullScreen":false,"viewType":1,"isLock":false,"timer":3294},{"id":1583752223945,"name":"图片单选题","type":6001,"matrix":{"a":0.8181818181818181,"b":0,"c":0,"d":0.8181818181818181,"x":272.27272727272725,"y":343},"props":{"imgList":[{"url":"resource/offline/ahOGwDC-JBtgIA0.png"},{"url":"resource/offline/frp4YGFb8vZJFGY.png"},{"url":"resource/offline/5eY8CwIYbinr54x.png"},{"url":"resource/offline/9xuTcR9_vvC-6e8.png"}],"rightTopic":2,"templateResources":{"soundClick":"resource/template/audio/Match_click.mp3","soundError":"resource/template/audio/Match_error.mp3","soundRight":"resource/template/audio/Match_right.mp3","submit_default":"resource/template/SingleChioce/type1/SingleChioce_type1_submit_default.png","submit_active":"resource/template/SingleChioce/type1/SingleChioce_type1_submit_active.png"},"textColor":"#9013FE"},"src":"","showInput":false,"isView":true,"isTab":false,"isFullScreen":false,"viewType":1,"isLock":false,"lottie":["resource/lottie/SingleChioce.json"],"timer":3411}],"properties":{"triggerGroup":[]},"classroomTipsDis":"","interactControl":true},{"id":1583744690995,"name":"课前检验3","resources":["aAhxw7v7UEe0E2R_png","zONOfQWhBoZGKxp_png","14RB2M8m55hn-tm_png","cckHbxlESOwwyLS_png","8MzZRj8z3qHAwDa_png","MbG8QJKN_Jo0mAb_png","Match_click_mp3","Match_error_mp3","Match_right_mp3","SingleChioce_type1_submit_default_png","SingleChioce_type1_submit_active_png","SingleChioce_json"],"isShowAllTab":false,"elements":[{"id":1583749958161,"name":"背景","type":99,"matrix":{"a":1,"b":0,"c":0,"d":1,"x":0,"y":0},"props":{"templateResources":{}},"src":"resource/offline/aAhxw7v7UEe0E2R.png","showInput":false,"isView":true,"isTab":false,"isFullScreen":true,"viewType":1,"isLock":false},{"id":1583744867066,"name":"Reset按钮","type":5002,"matrix":{"a":1,"b":0,"c":0,"d":1,"x":706,"y":642},"props":{"templateResources":{}},"src":"","showInput":false,"isView":true,"isTab":false,"isFullScreen":false,"viewType":2,"isLock":false,"timer":1745},{"id":1583744747603,"name":"文本","type":1,"matrix":{"a":0.8922384510869564,"b":0,"c":0,"d":0.8922384510869564,"x":55.17391304347831,"y":88.95703125},"props":{"text":"3.小朋友，请你仔细观察下图，根据规律，选出空缺处的答案。","size":40,"fontFamily":"Muli-BlackItalic","textColor":"#000000"},"src":"","showInput":false,"isView":true,"isTab":false,"isFullScreen":false,"viewType":1,"isLock":false,"timer":1651},{"id":1583752291107,"name":"图片","type":2,"matrix":{"a":0.5227005870841487,"b":0,"c":0,"d":0.5227005870841487,"x":83.42857142857144,"y":196.16301369863015},"props":{"templateResources":{}},"src":"resource/offline/zONOfQWhBoZGKxp.png","showInput":false,"isView":true,"isTab":false,"isFullScreen":false,"viewType":1,"isLock":false,"timer":3563},{"id":1583752340884,"name":"图片单选题","type":6001,"matrix":{"a":0.6889952153110047,"b":0,"c":0,"d":0.6889952153110047,"x":306.17703349282294,"y":383},"props":{"imgList":[{"url":"resource/offline/14RB2M8m55hn-tm.png"},{"url":"resource/offline/cckHbxlESOwwyLS.png"},{"url":"resource/offline/8MzZRj8z3qHAwDa.png"},{"url":"resource/offline/MbG8QJKN_Jo0mAb.png"}],"rightTopic":4,"templateResources":{"soundClick":"resource/template/audio/Match_click.mp3","soundError":"resource/template/audio/Match_error.mp3","soundRight":"resource/template/audio/Match_right.mp3","submit_default":"resource/template/SingleChioce/type1/SingleChioce_type1_submit_default.png","submit_active":"resource/template/SingleChioce/type1/SingleChioce_type1_submit_active.png"},"textColor":"#BD10E0"},"src":"","showInput":false,"isView":true,"isTab":false,"isFullScreen":false,"viewType":1,"isLock":false,"lottie":["resource/lottie/SingleChioce.json"],"timer":3650}],"properties":{"triggerGroup":[]},"classroomTipsDis":"","interactControl":true},{"id":1583745354547,"name":"学员分组","resources":["nfyjA_qEcV3XMnr_jpg"],"isShowAllTab":false,"elements":[{"id":1583747864776,"name":"背景","type":99,"matrix":{"a":1,"b":0,"c":0,"d":1,"x":0,"y":0},"props":{"templateResources":{}},"src":"resource/offline/nfyjA_qEcV3XMnr.jpg","showInput":false,"isView":true,"isTab":false,"isFullScreen":true,"viewType":1,"isLock":false}],"properties":{"triggerGroup":[]},"classroomTipsDis":"","interactControl":true},{"id":1583745362735,"name":"预习讨论1","resources":["aAhxw7v7UEe0E2R_png","pqhiseO8VR4pDyE_mp4","zG88ZGaHR21D4dD_jpg"],"isShowAllTab":false,"elements":[{"id":1583750062602,"name":"背景","type":99,"matrix":{"a":1,"b":0,"c":0,"d":1,"x":0,"y":0},"props":{"templateResources":{}},"src":"resource/offline/aAhxw7v7UEe0E2R.png","showInput":false,"isView":true,"isTab":false,"isFullScreen":true,"viewType":1,"isLock":false},{"id":1583745506866,"name":"视频","type":4,"matrix":{"a":0.9904808859223302,"b":0,"c":0,"d":0.9904808859223302,"x":65.15624999999994,"y":81.20873786407765},"props":{"mode":1,"mediaSrc":"resource/offline/pqhiseO8VR4pDyE.mp4","posterPath":"resource/offline/zG88ZGaHR21D4dD.jpg","templateResources":{"postUrl":""}},"src":"","showInput":false,"isView":true,"isTab":false,"isFullScreen":false,"viewType":1,"isLock":false,"timer":1899}],"properties":{"triggerGroup":[]},"classroomTipsDis":"","interactControl":true},{"id":1583745537069,"name":"预习讨论1-练习题","resources":["aAhxw7v7UEe0E2R_png","bzuNmdbKAje16r2_png","bBTMfM0hr4ac7CJ_png","sDbtHkhv_9-QfM4_png","iLITs25HX_Vhbl0_png","N49_A1hEM1FNH9V_png","REyu9gyCALKRCl8_png","25B14op-_U6V8Bq_png","708c53YtfQXup5Y_png","Match_click_mp3","Match_error_mp3","Match_right_mp3"],"isShowAllTab":false,"elements":[{"id":1583752688071,"name":"背景","type":99,"matrix":{"a":1,"b":0,"c":0,"d":1,"x":0,"y":0},"props":{"templateResources":{}},"src":"resource/offline/aAhxw7v7UEe0E2R.png","showInput":false,"isView":true,"isTab":false,"isFullScreen":true,"viewType":1,"isLock":false},{"id":1583752520602,"name":"小火车","type":1401,"matrix":{"a":1,"b":0,"c":0,"d":1,"x":0,"y":0},"props":{"imgList":[{"id":1,"url":"resource/offline/bzuNmdbKAje16r2.png","status":1},{"id":2,"url":"resource/offline/bBTMfM0hr4ac7CJ.png","status":1},{"id":3,"url":"resource/offline/sDbtHkhv_9-QfM4.png","status":1},{"id":4,"url":"resource/offline/iLITs25HX_Vhbl0.png","status":1},{"id":3,"url":"resource/offline/N49_A1hEM1FNH9V.png","status":2},{"id":1,"url":"resource/offline/REyu9gyCALKRCl8.png","status":2},{"id":4,"url":"resource/offline/25B14op-_U6V8Bq.png","status":2},{"id":2,"url":"resource/offline/708c53YtfQXup5Y.png","status":2}],"templateResources":{"soundClick":"resource/template/audio/Match_click.mp3","soundError":"resource/template/audio/Match_error.mp3","soundRight":"resource/template/audio/Match_right.mp3"}},"src":"","showInput":false,"isView":true,"isTab":false,"isFullScreen":true,"viewType":1,"isLock":false},{"id":1583745628164,"name":"文本","type":1,"matrix":{"a":0.8068669527896996,"b":0,"c":0,"d":0.8068669527896996,"x":93,"y":92.862660944206},"props":{"text":"请你观察下面这些物品，给它们配对找到好朋友吧！","size":40,"fontFamily":"Muli-BlackItalic","textColor":"#000000"},"src":"","showInput":false,"isView":true,"isTab":false,"isFullScreen":false,"viewType":1,"isLock":false,"timer":3741}],"properties":{"triggerGroup":[]},"classroomTipsDis":"","interactControl":true},{"id":1583745945117,"name":"例题精讲1","resources":["aAhxw7v7UEe0E2R_png","ahOGwDC-JBtgIA0_png","5gqWgOhjr5oc1p7_png","mwJJ56v-1dXye9F_png","mF8sxwDPhYtGq0M_png","WYyMYXKDxoDbA7b_png","f3ttbXpcef3hGvc_png","Y_JF_ge164KT9PY_png","glewBUF_RasPt8M_png","Match_click_mp3","Match_error_mp3","Match_right_mp3"],"isShowAllTab":false,"elements":[{"id":1583752716942,"name":"背景","type":99,"matrix":{"a":1,"b":0,"c":0,"d":1,"x":0,"y":0},"props":{"templateResources":{}},"src":"resource/offline/aAhxw7v7UEe0E2R.png","showInput":false,"isView":true,"isTab":false,"isFullScreen":true,"viewType":1,"isLock":false},{"id":1583752927152,"name":"文本","type":1,"matrix":{"a":0.849609375,"b":0,"c":0,"d":0.849609375,"x":76,"y":87.91796875},"props":{"text":"小朋友，请你仔细观察下面的图片，然后给它们进行配对吧！","size":40,"fontFamily":"Muli-BlackItalic","textColor":"#000000"},"src":"","showInput":false,"isView":true,"isTab":false,"isFullScreen":false,"viewType":1,"isLock":false,"timer":4412},{"id":1583753048994,"name":"小火车","type":1401,"matrix":{"a":1,"b":0,"c":0,"d":1,"x":0,"y":0},"props":{"imgList":[{"id":1,"url":"resource/offline/ahOGwDC-JBtgIA0.png","status":1},{"id":2,"url":"resource/offline/5gqWgOhjr5oc1p7.png","status":1},{"id":3,"url":"resource/offline/mwJJ56v-1dXye9F.png","status":1},{"id":4,"url":"resource/offline/mF8sxwDPhYtGq0M.png","status":1},{"id":2,"url":"resource/offline/WYyMYXKDxoDbA7b.png","status":2},{"id":1,"url":"resource/offline/f3ttbXpcef3hGvc.png","status":2},{"id":4,"url":"resource/offline/Y_JF_ge164KT9PY.png","status":2},{"id":3,"url":"resource/offline/glewBUF_RasPt8M.png","status":2}],"templateResources":{"soundClick":"resource/template/audio/Match_click.mp3","soundError":"resource/template/audio/Match_error.mp3","soundRight":"resource/template/audio/Match_right.mp3"}},"src":"","showInput":false,"isView":true,"isTab":false,"isFullScreen":true,"viewType":1,"isLock":false}],"properties":{"triggerGroup":[]},"classroomTipsDis":"","interactControl":true},{"id":1583746233442,"name":"预习讨论2","resources":["aAhxw7v7UEe0E2R_png","xrZImXKaT8wQgep_mp4","zhNtS8Wy-WbUi2K_jpg"],"isShowAllTab":false,"elements":[{"id":1583753270438,"name":"背景","type":99,"matrix":{"a":1,"b":0,"c":0,"d":1,"x":0,"y":0},"props":{"templateResources":{}},"src":"resource/offline/aAhxw7v7UEe0E2R.png","showInput":false,"isView":true,"isTab":false,"isFullScreen":true,"viewType":1,"isLock":false},{"id":1583747000401,"name":"视频","type":4,"matrix":{"a":1.0301841147164026,"b":0,"c":0,"d":1.0301841147164026,"x":62.1875,"y":75.42335206949414},"props":{"mode":1,"mediaSrc":"resource/offline/xrZImXKaT8wQgep.mp4","posterPath":"resource/offline/zhNtS8Wy-WbUi2K.jpg","templateResources":{"postUrl":""}},"src":"","showInput":false,"isView":true,"isTab":false,"isFullScreen":false,"viewType":1,"isLock":false,"timer":4966}],"properties":{"triggerGroup":[]},"classroomTipsDis":"","interactControl":true},{"id":1583754911542,"name":"预习讨论2 -练习题","resources":["aAhxw7v7UEe0E2R_png","sTcHvR0erMJFERz_jpg"],"isShowAllTab":false,"elements":[{"id":1583754928438,"name":"背景","type":99,"matrix":{"a":1,"b":0,"c":0,"d":1,"x":0,"y":0},"props":{"templateResources":{}},"src":"resource/offline/aAhxw7v7UEe0E2R.png","showInput":false,"isView":true,"isTab":false,"isFullScreen":true,"viewType":1,"isLock":false},{"id":1583754953333,"name":"文本","type":1,"matrix":{"a":0.9178403755868545,"b":0,"c":0,"d":0.9178403755868545,"x":92,"y":105.64319248826291},"props":{"text":"请你找到形状相同的物品，并帮它们连一连吧！","size":40,"fontFamily":"Muli-BlackItalic","textColor":"#000000"},"src":"","showInput":false,"isView":true,"isTab":false,"isFullScreen":false,"viewType":1,"isLock":false,"timer":7920},{"id":1583755194394,"name":"图片","type":2,"matrix":{"a":1.1459074733096084,"b":0,"c":0,"d":1.1459074733096084,"x":151.00000000000006,"y":182.21352313167262},"props":{"templateResources":{}},"src":"resource/offline/sTcHvR0erMJFERz.jpg","showInput":false,"isView":true,"isTab":false,"isFullScreen":false,"viewType":1,"isLock":false,"timer":7813}],"properties":{"triggerGroup":[]},"classroomTipsDis":"","interactControl":true},{"id":1583747138795,"name":"例题精讲2","resources":["aAhxw7v7UEe0E2R_png","USaoD1mhmvmiTpH_png","DrawImage_down_mp3","v9sizBJ99xVmsIC_png","cckHbxlESOwwyLS_png","14RB2M8m55hn-tm_png","lGa1ZXyxA4l_kOB_png","LecCdGRQ-OB7HK9_png","fhdMfhdFVP1N37c_png","W7tXz6OQEX30wQA_png","hCffP-R1PmE5AOZ_png"],"isShowAllTab":false,"elements":[{"id":1583754561122,"name":"背景","type":99,"matrix":{"a":1,"b":0,"c":0,"d":1,"x":0,"y":0},"props":{"templateResources":{}},"src":"resource/offline/aAhxw7v7UEe0E2R.png","showInput":false,"isView":true,"isTab":false,"isFullScreen":true,"viewType":1,"isLock":false},{"id":1583754629034,"name":"文本","type":1,"matrix":{"a":0.8693104619565217,"b":0,"c":0,"d":0.8693104619565217,"x":59.913043478260875,"y":97.01171875},"props":{"text":"请你帮助图中小伙伴找到各自的物品，物品的颜色和小伙伴衣服颜色要一样哦！","size":40,"fontFamily":"Muli-BlackItalic","textColor":"#000000"},"src":"","showInput":false,"isView":true,"isTab":false,"isFullScreen":false,"viewType":1,"isLock":false,"timer":6984},{"id":1583754673131,"name":"图片","type":2,"matrix":{"a":0.5104166666666667,"b":0,"c":0,"d":0.5104166666666667,"x":209.3020833333333,"y":214.99999999999997},"props":{"templateResources":{}},"src":"resource/offline/USaoD1mhmvmiTpH.png","showInput":false,"isView":true,"isTab":false,"isFullScreen":false,"viewType":1,"isLock":false,"timer":7024},{"id":1583754707558,"name":"拖拽","type":1801,"matrix":{"a":0.5304551826738763,"b":0,"c":0,"d":0.5304551826738764,"x":57.84153005464481,"y":567.9633507853403},"props":{"templateResources":{"soundDown":"resource/template/audio/DrawImage_down.mp3"}},"src":"resource/offline/v9sizBJ99xVmsIC.png","showInput":false,"isView":true,"isTab":false,"isFullScreen":false,"viewType":1,"isLock":false,"timer":7244},{"id":1583754729199,"name":"拖拽","type":1801,"matrix":{"a":0.46666666666666673,"b":0,"c":0,"d":0.4666666666666667,"x":205.39999999999998,"y":588},"props":{"templateResources":{"soundDown":"resource/template/audio/DrawImage_down.mp3"}},"src":"resource/offline/cckHbxlESOwwyLS.png","showInput":false,"isView":true,"isTab":false,"isFullScreen":false,"viewType":1,"isLock":false,"timer":7247},{"id":1583754744540,"name":"拖拽","type":1801,"matrix":{"a":0.6376811594202899,"b":0,"c":0,"d":0.6376811594202899,"x":306.6304347826087,"y":572},"props":{"templateResources":{"soundDown":"resource/template/audio/DrawImage_down.mp3"}},"src":"resource/offline/14RB2M8m55hn-tm.png","showInput":false,"isView":true,"isTab":false,"isFullScreen":false,"viewType":1,"isLock":false,"timer":7250},{"id":1583754763510,"name":"拖拽","type":1801,"matrix":{"a":0.4814814814814815,"b":0,"c":0,"d":0.4814814814814815,"x":440.14814814814815,"y":576},"props":{"templateResources":{"soundDown":"resource/template/audio/DrawImage_down.mp3"}},"src":"resource/offline/lGa1ZXyxA4l_kOB.png","showInput":false,"isView":true,"isTab":false,"isFullScreen":false,"viewType":1,"isLock":false,"timer":7259},{"id":1583754788278,"name":"拖拽","type":1801,"matrix":{"a":0.48809523809523814,"b":0,"c":0,"d":0.48809523809523814,"x":551.4464285714286,"y":574},"props":{"templateResources":{"soundDown":"resource/template/audio/DrawImage_down.mp3"}},"src":"resource/offline/LecCdGRQ-OB7HK9.png","showInput":false,"isView":true,"isTab":false,"isFullScreen":false,"viewType":1,"isLock":false,"timer":7262},{"id":1583754802868,"name":"拖拽","type":1801,"matrix":{"a":0.5443037974683544,"b":0,"c":0,"d":0.5443037974683544,"x":687.620253164557,"y":574},"props":{"templateResources":{"soundDown":"resource/template/audio/DrawImage_down.mp3"}},"src":"resource/offline/fhdMfhdFVP1N37c.png","showInput":false,"isView":true,"isTab":false,"isFullScreen":false,"viewType":1,"isLock":false,"timer":7270},{"id":1583754831236,"name":"拖拽","type":1801,"matrix":{"a":0.5930232558139534,"b":0,"c":0,"d":0.5930232558139534,"x":776.8779069767442,"y":557},"props":{"templateResources":{"soundDown":"resource/template/audio/DrawImage_down.mp3"}},"src":"resource/offline/W7tXz6OQEX30wQA.png","showInput":false,"isView":true,"isTab":false,"isFullScreen":false,"viewType":1,"isLock":false,"timer":7296},{"id":1583754843014,"name":"拖拽","type":1801,"matrix":{"a":0.4759358288770054,"b":0,"c":0,"d":0.4759358288770054,"x":879.0213903743315,"y":570},"props":{"templateResources":{"soundDown":"resource/template/audio/DrawImage_down.mp3"}},"src":"resource/offline/hCffP-R1PmE5AOZ.png","showInput":false,"isView":true,"isTab":false,"isFullScreen":false,"viewType":1,"isLock":false,"timer":7326}],"properties":{"triggerGroup":[]},"classroomTipsDis":"","interactControl":true},{"id":1583755277855,"name":"互动游戏","resources":["aAhxw7v7UEe0E2R_png","kPxKN8qEgnmFeon_mp4","Jhhf3mZ39OG0hMl_jpg"],"isShowAllTab":false,"elements":[{"id":1583755395449,"name":"背景","type":99,"matrix":{"a":1,"b":0,"c":0,"d":1,"x":0,"y":0},"props":{"templateResources":{}},"src":"resource/offline/aAhxw7v7UEe0E2R.png","showInput":false,"isView":true,"isTab":false,"isFullScreen":true,"viewType":1,"isLock":false},{"id":1583755365907,"name":"视频","type":4,"matrix":{"a":1.025665518321328,"b":0,"c":0,"d":1.025665518321328,"x":53.425806451612914,"y":70.04368932038835},"props":{"mode":1,"mediaSrc":"resource/offline/kPxKN8qEgnmFeon.mp4","posterPath":"resource/offline/Jhhf3mZ39OG0hMl.jpg","templateResources":{"postUrl":""}},"src":"","showInput":false,"isView":true,"isTab":false,"isFullScreen":false,"viewType":1,"isLock":false,"timer":8128}],"properties":{"triggerGroup":[]},"classroomTipsDis":"","interactControl":true},{"id":1583755423178,"name":"游戏1","resources":["aAhxw7v7UEe0E2R_png","LqytMG4qA6uBOEn_mp3","SOfN5vqNKLykXHF_png","OMmehV3gy5oAZYQ_png","PXPF5nsl6Rluqxi_png","qh6Z-bum2Lo9x6P_png","Match_click_mp3","Match_error_mp3","Match_right_mp3","SingleChioce_type1_submit_default_png","SingleChioce_type1_submit_active_png","SingleChioce_json"],"isShowAllTab":false,"elements":[{"id":1583755497244,"name":"背景","type":99,"matrix":{"a":1,"b":0,"c":0,"d":1,"x":0,"y":0},"props":{"templateResources":{}},"src":"resource/offline/aAhxw7v7UEe0E2R.png","showInput":false,"isView":true,"isTab":false,"isFullScreen":true,"viewType":1,"isLock":false},{"id":1583755644386,"name":"小音频","type":302,"matrix":{"a":1,"b":0,"c":0,"d":1,"x":147,"y":103},"props":{"mediaSrc":"resource/offline/LqytMG4qA6uBOEn.mp3"},"src":"","showInput":false,"isView":true,"isTab":false,"isFullScreen":false,"viewType":1,"isLock":false,"timer":8481},{"id":1583755893940,"name":"图片单选题","type":6001,"matrix":{"a":1.2453703703703705,"b":0,"c":0,"d":1.2453703703703705,"x":264,"y":127.71759259259255},"props":{"imgList":[{"url":"resource/offline/SOfN5vqNKLykXHF.png"},{"url":"resource/offline/OMmehV3gy5oAZYQ.png"},{"url":"resource/offline/PXPF5nsl6Rluqxi.png"},{"url":"resource/offline/qh6Z-bum2Lo9x6P.png"}],"rightTopic":1,"templateResources":{"soundClick":"resource/template/audio/Match_click.mp3","soundError":"resource/template/audio/Match_error.mp3","soundRight":"resource/template/audio/Match_right.mp3","submit_default":"resource/template/SingleChioce/type1/SingleChioce_type1_submit_default.png","submit_active":"resource/template/SingleChioce/type1/SingleChioce_type1_submit_active.png"},"textColor":"#9013FE"},"src":"","showInput":false,"isView":true,"isTab":false,"isFullScreen":false,"viewType":1,"isLock":false,"lottie":["resource/lottie/SingleChioce.json"],"timer":8471},{"id":1583755929202,"name":"Reset按钮","type":5002,"matrix":{"a":1,"b":0,"c":0,"d":1,"x":725,"y":617},"props":{"templateResources":{}},"src":"","showInput":false,"isView":true,"isTab":false,"isFullScreen":false,"viewType":2,"isLock":false,"timer":8517}],"properties":{"triggerGroup":[]},"classroomTipsDis":"","interactControl":true},{"id":1583755959871,"name":"游戏2","resources":["aAhxw7v7UEe0E2R_png","-XVBl9RnzyNCGJP_mp3","s1DTskI9CfjNmSm_png","SOfN5vqNKLykXHF_png","j5ObJ0oP6d_WlzY_png","OHJSSIy2XMTus8b_png","Match_click_mp3","Match_error_mp3","Match_right_mp3","SingleChioce_type1_submit_default_png","SingleChioce_type1_submit_active_png","SingleChioce_json"],"isShowAllTab":false,"elements":[{"id":1583755980575,"name":"背景","type":99,"matrix":{"a":1,"b":0,"c":0,"d":1,"x":0,"y":0},"props":{"templateResources":{}},"src":"resource/offline/aAhxw7v7UEe0E2R.png","showInput":false,"isView":true,"isTab":false,"isFullScreen":true,"viewType":1,"isLock":false},{"id":1583756023062,"name":"小音频","type":302,"matrix":{"a":1.2173913043478262,"b":0,"c":0,"d":1.2173913043478262,"x":143,"y":116.41304347826087},"props":{"mediaSrc":"resource/offline/-XVBl9RnzyNCGJP.mp3"},"src":"","showInput":false,"isView":true,"isTab":false,"isFullScreen":false,"viewType":1,"isLock":false,"timer":8823},{"id":1583756110505,"name":"图片单选题","type":6001,"matrix":{"a":1.1481481481481481,"b":0,"c":0,"d":1.1481481481481481,"x":249,"y":145.03703703703704},"props":{"imgList":[{"url":"resource/offline/s1DTskI9CfjNmSm.png"},{"url":"resource/offline/SOfN5vqNKLykXHF.png"},{"url":"resource/offline/j5ObJ0oP6d_WlzY.png"},{"url":"resource/offline/OHJSSIy2XMTus8b.png"}],"rightTopic":1,"templateResources":{"soundClick":"resource/template/audio/Match_click.mp3","soundError":"resource/template/audio/Match_error.mp3","soundRight":"resource/template/audio/Match_right.mp3","submit_default":"resource/template/SingleChioce/type1/SingleChioce_type1_submit_default.png","submit_active":"resource/template/SingleChioce/type1/SingleChioce_type1_submit_active.png"},"textColor":"#9013FE"},"src":"","showInput":false,"isView":true,"isTab":false,"isFullScreen":false,"viewType":1,"isLock":false,"lottie":["resource/lottie/SingleChioce.json"],"timer":8783},{"id":1583756162826,"name":"Reset按钮","type":5002,"matrix":{"a":1,"b":0,"c":0,"d":1,"x":714,"y":602},"props":{"templateResources":{}},"src":"","showInput":false,"isView":true,"isTab":false,"isFullScreen":false,"viewType":2,"isLock":false,"timer":8849}],"properties":{"triggerGroup":[]},"classroomTipsDis":"","interactControl":true},{"id":1583756178557,"name":"游戏3","resources":["aAhxw7v7UEe0E2R_png","hjlei8vNTPDgLOS_mp3","OMmehV3gy5oAZYQ_png","f7H4REV0gu1uejv_png","j5ObJ0oP6d_WlzY_png","9ogAE-DKG1p_ilK_png","Match_click_mp3","Match_error_mp3","Match_right_mp3","SingleChioce_type1_submit_default_png","SingleChioce_type1_submit_active_png","SingleChioce_json"],"isShowAllTab":false,"elements":[{"id":1583756220602,"name":"背景","type":99,"matrix":{"a":1,"b":0,"c":0,"d":1,"x":0,"y":0},"props":{"templateResources":{}},"src":"resource/offline/aAhxw7v7UEe0E2R.png","showInput":false,"isView":true,"isTab":false,"isFullScreen":true,"viewType":1,"isLock":false},{"id":1583756207447,"name":"小音频","type":302,"matrix":{"a":1,"b":0,"c":0,"d":1,"x":123,"y":111},"props":{"mediaSrc":"resource/offline/hjlei8vNTPDgLOS.mp3"},"src":"","showInput":false,"isView":true,"isTab":false,"isFullScreen":false,"viewType":1,"isLock":false,"timer":9049},{"id":1583756304761,"name":"图片单选题","type":6001,"matrix":{"a":1.199074074074074,"b":0,"c":0,"d":1.199074074074074,"x":197,"y":133.39351851851853},"props":{"imgList":[{"url":"resource/offline/OMmehV3gy5oAZYQ.png"},{"url":"resource/offline/f7H4REV0gu1uejv.png"},{"url":"resource/offline/j5ObJ0oP6d_WlzY.png"},{"url":"resource/offline/9ogAE-DKG1p_ilK.png"}],"rightTopic":2,"templateResources":{"soundClick":"resource/template/audio/Match_click.mp3","soundError":"resource/template/audio/Match_error.mp3","soundRight":"resource/template/audio/Match_right.mp3","submit_default":"resource/template/SingleChioce/type1/SingleChioce_type1_submit_default.png","submit_active":"resource/template/SingleChioce/type1/SingleChioce_type1_submit_active.png"},"textColor":"#9013FE"},"src":"","showInput":false,"isView":true,"isTab":false,"isFullScreen":false,"viewType":1,"isLock":false,"lottie":["resource/lottie/SingleChioce.json"],"timer":9077},{"id":1583756317367,"name":"Reset按钮","type":5002,"matrix":{"a":1,"b":0,"c":0,"d":1,"x":740,"y":608},"props":{"templateResources":{}},"src":"","showInput":false,"isView":true,"isTab":false,"isFullScreen":false,"viewType":2,"isLock":false,"timer":9066}],"properties":{"triggerGroup":[]},"classroomTipsDis":"","interactControl":true},{"id":1583756350891,"name":"游戏4","resources":["aAhxw7v7UEe0E2R_png","C42PtA20W6TX_Yk_mp3","YlnSLXCQszgNTNp_png","dicKyYTnAhL4rQ3_png","4z-_SxYSP1mTl_H_png","704TqQpMxhfbgsD_png","Match_click_mp3","Match_error_mp3","Match_right_mp3","SingleChioce_type1_submit_default_png","SingleChioce_type1_submit_active_png","SingleChioce_json"],"isShowAllTab":false,"elements":[{"id":1583756368022,"name":"背景","type":99,"matrix":{"a":1,"b":0,"c":0,"d":1,"x":0,"y":0},"props":{"templateResources":{}},"src":"resource/offline/aAhxw7v7UEe0E2R.png","showInput":false,"isView":true,"isTab":false,"isFullScreen":true,"viewType":1,"isLock":false},{"id":1583756386780,"name":"小音频","type":302,"matrix":{"a":1.1521739130434783,"b":0,"c":0,"d":1.6060606060606062,"x":154,"y":113.5},"props":{"mediaSrc":"resource/offline/C42PtA20W6TX_Yk.mp3"},"src":"","showInput":false,"isView":true,"isTab":false,"isFullScreen":false,"viewType":1,"isLock":false,"timer":9315},{"id":1583756441553,"name":"图片单选题","type":6001,"matrix":{"a":1.0580365054049263,"b":0,"c":0,"d":1.0580365054049263,"x":240.4641148325359,"y":190.8703703703704},"props":{"imgList":[{"url":"resource/offline/YlnSLXCQszgNTNp.png"},{"url":"resource/offline/dicKyYTnAhL4rQ3.png"},{"url":"resource/offline/4z-_SxYSP1mTl_H.png"},{"url":"resource/offline/704TqQpMxhfbgsD.png"}],"rightTopic":4,"templateResources":{"soundClick":"resource/template/audio/Match_click.mp3","soundError":"resource/template/audio/Match_error.mp3","soundRight":"resource/template/audio/Match_right.mp3","submit_default":"resource/template/SingleChioce/type1/SingleChioce_type1_submit_default.png","submit_active":"resource/template/SingleChioce/type1/SingleChioce_type1_submit_active.png"},"textColor":"#9013FE"},"src":"","showInput":false,"isView":true,"isTab":false,"isFullScreen":false,"viewType":1,"isLock":false,"lottie":["resource/lottie/SingleChioce.json"],"timer":9370},{"id":1583756449738,"name":"Reset按钮","type":5002,"matrix":{"a":1,"b":0,"c":0,"d":1,"x":777,"y":612},"props":{"templateResources":{}},"src":"","showInput":false,"isView":true,"isTab":false,"isFullScreen":false,"viewType":2,"isLock":false,"timer":9263}],"properties":{"triggerGroup":[]},"classroomTipsDis":"","interactControl":true},{"id":1583756512559,"name":"游戏5","resources":["aAhxw7v7UEe0E2R_png","gnyAxoCnsv99AF4_mp3","qh6Z-bum2Lo9x6P_png","wnNFOGtQsXtn9Gl_png","OHJSSIy2XMTus8b_png","1l3FU2FGCqpTPW__png","Match_click_mp3","Match_error_mp3","Match_right_mp3","SingleChioce_type1_submit_default_png","SingleChioce_type1_submit_active_png","SingleChioce_json"],"isShowAllTab":false,"elements":[{"id":1583756538451,"name":"背景","type":99,"matrix":{"a":1,"b":0,"c":0,"d":1,"x":0,"y":0},"props":{"templateResources":{}},"src":"resource/offline/aAhxw7v7UEe0E2R.png","showInput":false,"isView":true,"isTab":false,"isFullScreen":true,"viewType":1,"isLock":false},{"id":1583756557500,"name":"小音频","type":302,"matrix":{"a":1.292490118577075,"b":0,"c":0,"d":1.292490118577075,"x":141.27272727272728,"y":128.17391304347825},"props":{"mediaSrc":"resource/offline/gnyAxoCnsv99AF4.mp3"},"src":"","showInput":false,"isView":true,"isTab":false,"isFullScreen":false,"viewType":1,"isLock":false,"timer":9473},{"id":1583756677506,"name":"图片单选题","type":6001,"matrix":{"a":1.125,"b":0,"c":0,"d":1.125,"x":245,"y":163.875},"props":{"imgList":[{"url":"resource/offline/qh6Z-bum2Lo9x6P.png"},{"url":"resource/offline/wnNFOGtQsXtn9Gl.png"},{"url":"resource/offline/OHJSSIy2XMTus8b.png"},{"url":"resource/offline/1l3FU2FGCqpTPW_.png"}],"rightTopic":2,"templateResources":{"soundClick":"resource/template/audio/Match_click.mp3","soundError":"resource/template/audio/Match_error.mp3","soundRight":"resource/template/audio/Match_right.mp3","submit_default":"resource/template/SingleChioce/type1/SingleChioce_type1_submit_default.png","submit_active":"resource/template/SingleChioce/type1/SingleChioce_type1_submit_active.png"},"textColor":"#9013FE"},"src":"","showInput":false,"isView":true,"isTab":false,"isFullScreen":false,"viewType":1,"isLock":false,"lottie":["resource/lottie/SingleChioce.json"],"timer":9549},{"id":1583756687263,"name":"Reset按钮","type":5002,"matrix":{"a":1,"b":0,"c":0,"d":1,"x":769,"y":612},"props":{"templateResources":{}},"src":"","showInput":false,"isView":true,"isTab":false,"isFullScreen":false,"viewType":2,"isLock":false,"timer":9567}],"properties":{"triggerGroup":[]},"classroomTipsDis":"","interactControl":true},{"id":1583756694399,"name":"游戏6","resources":["aAhxw7v7UEe0E2R_png","l2LrRYj1JVgEWJU_mp3","APo6zWHJKekuGpQ_png","PXPF5nsl6Rluqxi_png","s1DTskI9CfjNmSm_png","j5ObJ0oP6d_WlzY_png","Match_click_mp3","Match_error_mp3","Match_right_mp3","SingleChioce_type1_submit_default_png","SingleChioce_type1_submit_active_png","SingleChioce_json"],"isShowAllTab":false,"elements":[{"id":1583756711147,"name":"背景","type":99,"matrix":{"a":1,"b":0,"c":0,"d":1,"x":0,"y":0},"props":{"templateResources":{}},"src":"resource/offline/aAhxw7v7UEe0E2R.png","showInput":false,"isView":true,"isTab":false,"isFullScreen":true,"viewType":1,"isLock":false},{"id":1583756746063,"name":"小音频","type":302,"matrix":{"a":1.4268774703557312,"b":0,"c":0,"d":1.4268774703557312,"x":161.1818181818182,"y":124.95652173913044},"props":{"mediaSrc":"resource/offline/l2LrRYj1JVgEWJU.mp3"},"src":"","showInput":false,"isView":true,"isTab":false,"isFullScreen":false,"viewType":1,"isLock":false,"timer":9778},{"id":1583756793953,"name":"图片单选题","type":6001,"matrix":{"a":1.1018518518518519,"b":0,"c":0,"d":1.1018518518518519,"x":252,"y":163.71296296296296},"props":{"imgList":[{"url":"resource/offline/APo6zWHJKekuGpQ.png"},{"url":"resource/offline/PXPF5nsl6Rluqxi.png"},{"url":"resource/offline/s1DTskI9CfjNmSm.png"},{"url":"resource/offline/j5ObJ0oP6d_WlzY.png"}],"rightTopic":1,"templateResources":{"soundClick":"resource/template/audio/Match_click.mp3","soundError":"resource/template/audio/Match_error.mp3","soundRight":"resource/template/audio/Match_right.mp3","submit_default":"resource/template/SingleChioce/type1/SingleChioce_type1_submit_default.png","submit_active":"resource/template/SingleChioce/type1/SingleChioce_type1_submit_active.png"},"textColor":"#9013FE"},"src":"","showInput":false,"isView":true,"isTab":false,"isFullScreen":false,"viewType":1,"isLock":false,"lottie":["resource/lottie/SingleChioce.json"],"timer":9784},{"id":1583756809082,"name":"Reset按钮","type":5002,"matrix":{"a":1,"b":0,"c":0,"d":1,"x":704,"y":613},"props":{"templateResources":{}},"src":"","showInput":false,"isView":true,"isTab":false,"isFullScreen":false,"viewType":2,"isLock":false,"timer":9738}],"properties":{"triggerGroup":[]},"classroomTipsDis":"","interactControl":true},{"id":1583756841976,"name":"游戏7","resources":["aAhxw7v7UEe0E2R_png","80puhSDwmenZ816_mp3","2-Oq3nbg4xnwo9t_png","OMmehV3gy5oAZYQ_png","PXPF5nsl6Rluqxi_png","OHJSSIy2XMTus8b_png","Match_click_mp3","Match_error_mp3","Match_right_mp3","SingleChioce_type1_submit_default_png","SingleChioce_type1_submit_active_png","SingleChioce_json"],"isShowAllTab":false,"elements":[{"id":1583756858832,"name":"背景","type":99,"matrix":{"a":1,"b":0,"c":0,"d":1,"x":0,"y":0},"props":{"templateResources":{}},"src":"resource/offline/aAhxw7v7UEe0E2R.png","showInput":false,"isView":true,"isTab":false,"isFullScreen":true,"viewType":1,"isLock":false},{"id":1583756864575,"name":"Reset按钮","type":5002,"matrix":{"a":1,"b":0,"c":0,"d":1,"x":781,"y":612},"props":{"templateResources":{}},"src":"","showInput":false,"isView":true,"isTab":false,"isFullScreen":false,"viewType":2,"isLock":false,"timer":9834},{"id":1583756887624,"name":"小音频","type":302,"matrix":{"a":1.3043478260869565,"b":0,"c":0,"d":1.3043478260869565,"x":149,"y":127.97826086956522},"props":{"mediaSrc":"resource/offline/80puhSDwmenZ816.mp3"},"src":"","showInput":false,"isView":true,"isTab":false,"isFullScreen":false,"viewType":1,"isLock":false,"timer":9908},{"id":1583756936823,"name":"图片单选题","type":6001,"matrix":{"a":1.0601851851851851,"b":0,"c":0,"d":1.0601851851851851,"x":251,"y":176.4212962962963},"props":{"imgList":[{"url":"resource/offline/2-Oq3nbg4xnwo9t.png"},{"url":"resource/offline/OMmehV3gy5oAZYQ.png"},{"url":"resource/offline/PXPF5nsl6Rluqxi.png"},{"url":"resource/offline/OHJSSIy2XMTus8b.png"}],"rightTopic":2,"templateResources":{"soundClick":"resource/template/audio/Match_click.mp3","soundError":"resource/template/audio/Match_error.mp3","soundRight":"resource/template/audio/Match_right.mp3","submit_default":"resource/template/SingleChioce/type1/SingleChioce_type1_submit_default.png","submit_active":"resource/template/SingleChioce/type1/SingleChioce_type1_submit_active.png"},"textColor":"#9013FE"},"src":"","showInput":false,"isView":true,"isTab":false,"isFullScreen":false,"viewType":1,"isLock":false,"lottie":["resource/lottie/SingleChioce.json"],"timer":9965}],"properties":{"triggerGroup":[]},"classroomTipsDis":"","interactControl":true},{"id":1583756955931,"name":"深度拓展1","resources":["aAhxw7v7UEe0E2R_png","GcGM2BGgT3Ml6Vd_png","ihJWWYl56AaSx1n_png","atmN05vRk-wVdE5_png","cx-j_7hOUvsgBOP_png","ndtmsx-tVlmGT6A_png","96FvZEoRfe2sEBS_png","Sg3_26xySfMf3TN_png","p8uYePZ8JnzMz6c_png","Match_click_mp3","Match_error_mp3","Match_right_mp3"],"isShowAllTab":false,"elements":[{"id":1583756972526,"name":"背景","type":99,"matrix":{"a":1,"b":0,"c":0,"d":1,"x":0,"y":0},"props":{"templateResources":{}},"src":"resource/offline/aAhxw7v7UEe0E2R.png","showInput":false,"isView":true,"isTab":false,"isFullScreen":true,"viewType":1,"isLock":false},{"id":1583757025157,"name":"文本","type":1,"matrix":{"a":0.8495305164319248,"b":0,"c":0,"d":0.8495305164319248,"x":85.10000000000002,"y":95.0093896713615},"props":{"text":"请你帮助图中的小朋友们找到属于他们的裤子。","size":40,"fontFamily":"Muli-BlackItalic","textColor":"#000000"},"src":"","showInput":false,"isView":true,"isTab":false,"isFullScreen":false,"viewType":1,"isLock":false,"timer":10081},{"id":1583757895067,"name":"小火车","type":1401,"matrix":{"a":1,"b":0,"c":0,"d":1,"x":0,"y":0},"props":{"imgList":[{"id":1,"url":"resource/offline/GcGM2BGgT3Ml6Vd.png","status":1},{"id":2,"url":"resource/offline/ihJWWYl56AaSx1n.png","status":1},{"id":3,"url":"resource/offline/atmN05vRk-wVdE5.png","status":1},{"id":4,"url":"resource/offline/cx-j_7hOUvsgBOP.png","status":1},{"id":4,"url":"resource/offline/ndtmsx-tVlmGT6A.png","status":2},{"id":1,"url":"resource/offline/96FvZEoRfe2sEBS.png","status":2},{"id":2,"url":"resource/offline/Sg3_26xySfMf3TN.png","status":2},{"id":3,"url":"resource/offline/p8uYePZ8JnzMz6c.png","status":2}],"templateResources":{"soundClick":"resource/template/audio/Match_click.mp3","soundError":"resource/template/audio/Match_error.mp3","soundRight":"resource/template/audio/Match_right.mp3"}},"src":"","showInput":false,"isView":true,"isTab":false,"isFullScreen":true,"viewType":1,"isLock":false}],"properties":{"triggerGroup":[]},"classroomTipsDis":"","interactControl":true},{"id":1583757070751,"name":"深度拓展2","resources":["aAhxw7v7UEe0E2R_png","iBH1ada3_x2HKjG_png","DrawImage_down_mp3","YNHlj7--ft64pa6_png","ga6NGrVZNTrhU0Q_png","QbAK_8A0x7u4bOU_png","N4839hg7gRWWE9z_png","hFWMWomkb5qS735_png","zh1CgqCboh9TUE9_png"],"isShowAllTab":false,"elements":[{"id":1583757087023,"name":"背景","type":99,"matrix":{"a":1,"b":0,"c":0,"d":1,"x":0,"y":0},"props":{"templateResources":{}},"src":"resource/offline/aAhxw7v7UEe0E2R.png","showInput":false,"isView":true,"isTab":false,"isFullScreen":true,"viewType":1,"isLock":false},{"id":1583757111821,"name":"文本","type":1,"matrix":{"a":0.9342723004694836,"b":0,"c":0,"d":0.9342723004694836,"x":90,"y":106.31455399061034},"props":{"text":"请你帮助农民伯伯和医生阿姨找到各自的工具！","size":40,"fontFamily":"Muli-BlackItalic","textColor":"#000000"},"src":"","showInput":false,"isView":true,"isTab":false,"isFullScreen":false,"viewType":1,"isLock":false,"timer":10243},{"id":1583757168958,"name":"图片","type":2,"matrix":{"a":0.6597222222222222,"b":0,"c":0,"d":0.6597222222222222,"x":145.79861111111114,"y":144},"props":{"templateResources":{}},"src":"resource/offline/iBH1ada3_x2HKjG.png","showInput":false,"isView":true,"isTab":false,"isFullScreen":false,"viewType":1,"isLock":false,"timer":10543},{"id":1583757224652,"name":"拖拽","type":1801,"matrix":{"a":0.748792270531401,"b":0,"c":0,"d":0.748792270531401,"x":82,"y":546.8454106280193},"props":{"templateResources":{"soundDown":"resource/template/audio/DrawImage_down.mp3"}},"src":"resource/offline/YNHlj7--ft64pa6.png","showInput":false,"isView":true,"isTab":false,"isFullScreen":false,"viewType":1,"isLock":false,"timer":10458},{"id":1583757245493,"name":"拖拽","type":1801,"matrix":{"a":0.5865384615384616,"b":0,"c":0,"d":0.5865384615384616,"x":268.4567307692308,"y":548},"props":{"templateResources":{"soundDown":"resource/template/audio/DrawImage_down.mp3"}},"src":"resource/offline/ga6NGrVZNTrhU0Q.png","showInput":false,"isView":true,"isTab":false,"isFullScreen":false,"viewType":1,"isLock":false,"timer":10461},{"id":1583757264706,"name":"拖拽","type":1801,"matrix":{"a":0.6666666666666667,"b":0,"c":0,"d":0.6666666666666667,"x":398.66666666666663,"y":544},"props":{"templateResources":{"soundDown":"resource/template/audio/DrawImage_down.mp3"}},"src":"resource/offline/QbAK_8A0x7u4bOU.png","showInput":false,"isView":true,"isTab":false,"isFullScreen":false,"viewType":1,"isLock":false,"timer":10464},{"id":1583757297869,"name":"拖拽","type":1801,"matrix":{"a":0.5935828877005347,"b":0,"c":0,"d":0.5935828877005347,"x":527.8930481283422,"y":562},"props":{"templateResources":{"soundDown":"resource/template/audio/DrawImage_down.mp3"}},"src":"resource/offline/N4839hg7gRWWE9z.png","showInput":false,"isView":true,"isTab":false,"isFullScreen":false,"viewType":1,"isLock":false,"timer":10467},{"id":1583757318221,"name":"拖拽","type":1801,"matrix":{"a":0.6136363636363636,"b":0,"c":0,"d":0.6136363636363636,"x":674.2272727272727,"y":563},"props":{"templateResources":{"soundDown":"resource/template/audio/DrawImage_down.mp3"}},"src":"resource/offline/hFWMWomkb5qS735.png","showInput":false,"isView":true,"isTab":false,"isFullScreen":false,"viewType":1,"isLock":false,"timer":10470},{"id":1583757347965,"name":"拖拽","type":1801,"matrix":{"a":0.5450643776824035,"b":0,"c":0,"d":0.5450643776824035,"x":802.9484978540772,"y":550},"props":{"templateResources":{"soundDown":"resource/template/audio/DrawImage_down.mp3"}},"src":"resource/offline/zh1CgqCboh9TUE9.png","showInput":false,"isView":true,"isTab":false,"isFullScreen":false,"viewType":1,"isLock":false,"timer":10500}],"properties":{"triggerGroup":[]},"classroomTipsDis":"","interactControl":true},{"id":1583758195654,"name":"学生总结","resources":["aAhxw7v7UEe0E2R_png","4iHxAYe0gxkJ7OC_mp4","W8hzyRPazpW7rM4_jpg"],"isShowAllTab":false,"elements":[{"id":1583758211232,"name":"背景","type":99,"matrix":{"a":1,"b":0,"c":0,"d":1,"x":0,"y":0},"props":{"templateResources":{}},"src":"resource/offline/aAhxw7v7UEe0E2R.png","showInput":false,"isView":true,"isTab":false,"isFullScreen":true,"viewType":1,"isLock":false},{"id":1583758233286,"name":"视频","type":4,"matrix":{"a":0.9967741935483871,"b":0,"c":0,"d":0.9967741935483871,"x":82.3290322580645,"y":80},"props":{"mode":1,"mediaSrc":"resource/offline/4iHxAYe0gxkJ7OC.mp4","posterPath":"resource/offline/W8hzyRPazpW7rM4.jpg","templateResources":{"postUrl":""}},"src":"","showInput":false,"isView":true,"isTab":false,"isFullScreen":false,"viewType":1,"isLock":false,"timer":305}],"properties":{"triggerGroup":[]},"classroomTipsDis":"","interactControl":true},{"id":1583758258539,"name":"学生总结","resources":["odrnuEoCRgfPJjX_jpg","MFSEunGM6RjZdZv_png"],"isShowAllTab":false,"elements":[{"id":1583758580023,"name":"背景","type":99,"matrix":{"a":1,"b":0,"c":0,"d":1,"x":0,"y":0},"props":{"templateResources":{}},"src":"resource/offline/odrnuEoCRgfPJjX.jpg","showInput":false,"isView":true,"isTab":false,"isFullScreen":true,"viewType":1,"isLock":false},{"id":1583758587300,"name":"图片","type":2,"matrix":{"a":0.816726296958855,"b":0,"c":0,"d":0.816726296958855,"x":163.80769230769232,"y":224.65116279069767},"props":{"templateResources":{}},"src":"resource/offline/MFSEunGM6RjZdZv.png","showInput":false,"isView":true,"isTab":false,"isFullScreen":false,"viewType":1,"isLock":false,"timer":680}],"properties":{"triggerGroup":[]},"classroomTipsDis":"","interactControl":true}],"coursewareId":"a7176a98-6794-42ab-9be8-6de4666587ae"}
