{"groups":[{"keys":"PreLoadingBg,PreLoadingBar","name":"loading"},{"keys":"star_play_tex,common_template,klDKDaCxC7zobvw_jpg,Dg64W37pYALttXI_jpg","name":"preload"},{"keys":"klDKDaCxC7zobvw_jpg,bAyFgrBvZ7vTktb_mp4,Dg64W37pYALttXI_jpg,aAhxw7v7UEe0E2R_png,1w6iugzj6K4JJhJ_mp4,ECXD6NNCOYdDDjI_jpg,TPtljELn24A49gT_mp4,4r4pISZ_mlTW0CJ_jpg,dCE89d4DJqQ4Vds_png,DrawImage_down_mp3,XRwkJvP2tu95wZe_png,ersfvJqIuW4jfss_png,9LiwsNB_Owjm8eM_png,G1WhMW5U25JOVY9_png,kIQXsYREiIStVKQ_png,ahOGwDC-JBtgIA0_png,frp4YGFb8vZJFGY_png,5eY8CwIYbinr54x_png,9xuTcR9_vvC-6e8_png,Match_click_mp3,Match_error_mp3,Match_right_mp3,SingleChioce_type1_submit_default_png,SingleChioce_type1_submit_active_png,SingleChioce_json,zONOfQWhBoZGKxp_png,14RB2M8m55hn-tm_png,cckHbxlESOwwyLS_png,8MzZRj8z3qHAwDa_png,MbG8QJKN_Jo0mAb_png,nfyjA_qEcV3XMnr_jpg,pqhiseO8VR4pDyE_mp4,zG88ZGaHR21D4dD_jpg,bzuNmdbKAje16r2_png,bBTMfM0hr4ac7CJ_png,sDbtHkhv_9-QfM4_png,iLITs25HX_Vhbl0_png,N49_A1hEM1FNH9V_png,REyu9gyCALKRCl8_png,25B14op-_U6V8Bq_png,708c53YtfQXup5Y_png,5gqWgOhjr5oc1p7_png,mwJJ56v-1dXye9F_png,mF8sxwDPhYtGq0M_png,WYyMYXKDxoDbA7b_png,f3ttbXpcef3hGvc_png,Y_JF_ge164KT9PY_png,glewBUF_RasPt8M_png,xrZImXKaT8wQgep_mp4,zhNtS8Wy-WbUi2K_jpg,sTcHvR0erMJFERz_jpg,USaoD1mhmvmiTpH_png,v9sizBJ99xVmsIC_png,lGa1ZXyxA4l_kOB_png,LecCdGRQ-OB7HK9_png,fhdMfhdFVP1N37c_png,W7tXz6OQEX30wQA_png,hCffP-R1PmE5AOZ_png,kPxKN8qEgnmFeon_mp4,Jhhf3mZ39OG0hMl_jpg,LqytMG4qA6uBOEn_mp3,SOfN5vqNKLykXHF_png,OMmehV3gy5oAZYQ_png,PXPF5nsl6Rluqxi_png,qh6Z-bum2Lo9x6P_png,-XVBl9RnzyNCGJP_mp3,s1DTskI9CfjNmSm_png,j5ObJ0oP6d_WlzY_png,OHJSSIy2XMTus8b_png,hjlei8vNTPDgLOS_mp3,f7H4REV0gu1uejv_png,9ogAE-DKG1p_ilK_png,C42PtA20W6TX_Yk_mp3,YlnSLXCQszgNTNp_png,dicKyYTnAhL4rQ3_png,4z-_SxYSP1mTl_H_png,704TqQpMxhfbgsD_png,gnyAxoCnsv99AF4_mp3,wnNFOGtQsXtn9Gl_png,1l3FU2FGCqpTPW__png,l2LrRYj1JVgEWJU_mp3,APo6zWHJKekuGpQ_png,80puhSDwmenZ816_mp3,2-Oq3nbg4xnwo9t_png,GcGM2BGgT3Ml6Vd_png,ihJWWYl56AaSx1n_png,atmN05vRk-wVdE5_png,cx-j_7hOUvsgBOP_png,ndtmsx-tVlmGT6A_png,96FvZEoRfe2sEBS_png,Sg3_26xySfMf3TN_png,p8uYePZ8JnzMz6c_png,iBH1ada3_x2HKjG_png,YNHlj7--ft64pa6_png,ga6NGrVZNTrhU0Q_png,QbAK_8A0x7u4bOU_png,N4839hg7gRWWE9z_png,hFWMWomkb5qS735_png,zh1CgqCboh9TUE9_png,4iHxAYe0gxkJ7OC_mp4,W8hzyRPazpW7rM4_jpg,odrnuEoCRgfPJjX_jpg,MFSEunGM6RjZdZv_png","name":"pageResource"}],"resources":[{"url":"resource/images/loading/bj.png","type":"image","name":"PreLoadingBg"},{"url":"resource/images/loading/logo.png","type":"image","name":"PreLoadingBar"},{"url":"resource/template/common/star_play_tex.json","type":"sheet","name":"star_play_tex"},{"url":"resource/template/common/common_template.json","type":"sheet","name":"common_template"},{"url":"resource/offline/klDKDaCxC7zobvw.jpg","type":"image","name":"klDKDaCxC7zobvw_jpg"},{"url":"resource/offline/bAyFgrBvZ7vTktb.mp4","type":"sound","name":"bAyFgrBvZ7vTktb_mp4"},{"url":"resource/offline/Dg64W37pYALttXI.jpg","type":"image","name":"Dg64W37pYALttXI_jpg"},{"url":"resource/offline/aAhxw7v7UEe0E2R.png","type":"image","name":"aAhxw7v7UEe0E2R_png"},{"url":"resource/offline/1w6iugzj6K4JJhJ.mp4","type":"sound","name":"1w6iugzj6K4JJhJ_mp4"},{"url":"resource/offline/ECXD6NNCOYdDDjI.jpg","type":"image","name":"ECXD6NNCOYdDDjI_jpg"},{"url":"resource/offline/TPtljELn24A49gT.mp4","type":"sound","name":"TPtljELn24A49gT_mp4"},{"url":"resource/offline/4r4pISZ_mlTW0CJ.jpg","type":"image","name":"4r4pISZ_mlTW0CJ_jpg"},{"url":"resource/offline/dCE89d4DJqQ4Vds.png","type":"image","name":"dCE89d4DJqQ4Vds_png"},{"url":"resource/template/audio/DrawImage_down.mp3","type":"sound","name":"DrawImage_down_mp3"},{"url":"resource/offline/XRwkJvP2tu95wZe.png","type":"image","name":"XRwkJvP2tu95wZe_png"},{"url":"resource/offline/ersfvJqIuW4jfss.png","type":"image","name":"ersfvJqIuW4jfss_png"},{"url":"resource/offline/9LiwsNB_Owjm8eM.png","type":"image","name":"9LiwsNB_Owjm8eM_png"},{"url":"resource/offline/G1WhMW5U25JOVY9.png","type":"image","name":"G1WhMW5U25JOVY9_png"},{"url":"resource/offline/kIQXsYREiIStVKQ.png","type":"image","name":"kIQXsYREiIStVKQ_png"},{"url":"resource/offline/ahOGwDC-JBtgIA0.png","type":"image","name":"ahOGwDC-JBtgIA0_png"},{"url":"resource/offline/frp4YGFb8vZJFGY.png","type":"image","name":"frp4YGFb8vZJFGY_png"},{"url":"resource/offline/5eY8CwIYbinr54x.png","type":"image","name":"5eY8CwIYbinr54x_png"},{"url":"resource/offline/9xuTcR9_vvC-6e8.png","type":"image","name":"9xuTcR9_vvC-6e8_png"},{"url":"resource/template/audio/Match_click.mp3","type":"sound","name":"Match_click_mp3"},{"url":"resource/template/audio/Match_error.mp3","type":"sound","name":"Match_error_mp3"},{"url":"resource/template/audio/Match_right.mp3","type":"sound","name":"Match_right_mp3"},{"url":"resource/template/SingleChioce/type1/SingleChioce_type1_submit_default.png","type":"image","name":"SingleChioce_type1_submit_default_png"},{"url":"resource/template/SingleChioce/type1/SingleChioce_type1_submit_active.png","type":"image","name":"SingleChioce_type1_submit_active_png"},{"url":"resource/lottie/SingleChioce.json","type":"json","name":"SingleChioce_json"},{"url":"resource/offline/zONOfQWhBoZGKxp.png","type":"image","name":"zONOfQWhBoZGKxp_png"},{"url":"resource/offline/14RB2M8m55hn-tm.png","type":"image","name":"14RB2M8m55hn-tm_png"},{"url":"resource/offline/cckHbxlESOwwyLS.png","type":"image","name":"cckHbxlESOwwyLS_png"},{"url":"resource/offline/8MzZRj8z3qHAwDa.png","type":"image","name":"8MzZRj8z3qHAwDa_png"},{"url":"resource/offline/MbG8QJKN_Jo0mAb.png","type":"image","name":"MbG8QJKN_Jo0mAb_png"},{"url":"resource/offline/nfyjA_qEcV3XMnr.jpg","type":"image","name":"nfyjA_qEcV3XMnr_jpg"},{"url":"resource/offline/pqhiseO8VR4pDyE.mp4","type":"sound","name":"pqhiseO8VR4pDyE_mp4"},{"url":"resource/offline/zG88ZGaHR21D4dD.jpg","type":"image","name":"zG88ZGaHR21D4dD_jpg"},{"url":"resource/offline/bzuNmdbKAje16r2.png","type":"image","name":"bzuNmdbKAje16r2_png"},{"url":"resource/offline/bBTMfM0hr4ac7CJ.png","type":"image","name":"bBTMfM0hr4ac7CJ_png"},{"url":"resource/offline/sDbtHkhv_9-QfM4.png","type":"image","name":"sDbtHkhv_9-QfM4_png"},{"url":"resource/offline/iLITs25HX_Vhbl0.png","type":"image","name":"iLITs25HX_Vhbl0_png"},{"url":"resource/offline/N49_A1hEM1FNH9V.png","type":"image","name":"N49_A1hEM1FNH9V_png"},{"url":"resource/offline/REyu9gyCALKRCl8.png","type":"image","name":"REyu9gyCALKRCl8_png"},{"url":"resource/offline/25B14op-_U6V8Bq.png","type":"image","name":"25B14op-_U6V8Bq_png"},{"url":"resource/offline/708c53YtfQXup5Y.png","type":"image","name":"708c53YtfQXup5Y_png"},{"url":"resource/offline/5gqWgOhjr5oc1p7.png","type":"image","name":"5gqWgOhjr5oc1p7_png"},{"url":"resource/offline/mwJJ56v-1dXye9F.png","type":"image","name":"mwJJ56v-1dXye9F_png"},{"url":"resource/offline/mF8sxwDPhYtGq0M.png","type":"image","name":"mF8sxwDPhYtGq0M_png"},{"url":"resource/offline/WYyMYXKDxoDbA7b.png","type":"image","name":"WYyMYXKDxoDbA7b_png"},{"url":"resource/offline/f3ttbXpcef3hGvc.png","type":"image","name":"f3ttbXpcef3hGvc_png"},{"url":"resource/offline/Y_JF_ge164KT9PY.png","type":"image","name":"Y_JF_ge164KT9PY_png"},{"url":"resource/offline/glewBUF_RasPt8M.png","type":"image","name":"glewBUF_RasPt8M_png"},{"url":"resource/offline/xrZImXKaT8wQgep.mp4","type":"sound","name":"xrZImXKaT8wQgep_mp4"},{"url":"resource/offline/zhNtS8Wy-WbUi2K.jpg","type":"image","name":"zhNtS8Wy-WbUi2K_jpg"},{"url":"resource/offline/sTcHvR0erMJFERz.jpg","type":"image","name":"sTcHvR0erMJFERz_jpg"},{"url":"resource/offline/USaoD1mhmvmiTpH.png","type":"image","name":"USaoD1mhmvmiTpH_png"},{"url":"resource/offline/v9sizBJ99xVmsIC.png","type":"image","name":"v9sizBJ99xVmsIC_png"},{"url":"resource/offline/lGa1ZXyxA4l_kOB.png","type":"image","name":"lGa1ZXyxA4l_kOB_png"},{"url":"resource/offline/LecCdGRQ-OB7HK9.png","type":"image","name":"LecCdGRQ-OB7HK9_png"},{"url":"resource/offline/fhdMfhdFVP1N37c.png","type":"image","name":"fhdMfhdFVP1N37c_png"},{"url":"resource/offline/W7tXz6OQEX30wQA.png","type":"image","name":"W7tXz6OQEX30wQA_png"},{"url":"resource/offline/hCffP-R1PmE5AOZ.png","type":"image","name":"hCffP-R1PmE5AOZ_png"},{"url":"resource/offline/kPxKN8qEgnmFeon.mp4","type":"sound","name":"kPxKN8qEgnmFeon_mp4"},{"url":"resource/offline/Jhhf3mZ39OG0hMl.jpg","type":"image","name":"Jhhf3mZ39OG0hMl_jpg"},{"url":"resource/offline/LqytMG4qA6uBOEn.mp3","type":"sound","name":"LqytMG4qA6uBOEn_mp3"},{"url":"resource/offline/SOfN5vqNKLykXHF.png","type":"image","name":"SOfN5vqNKLykXHF_png"},{"url":"resource/offline/OMmehV3gy5oAZYQ.png","type":"image","name":"OMmehV3gy5oAZYQ_png"},{"url":"resource/offline/PXPF5nsl6Rluqxi.png","type":"image","name":"PXPF5nsl6Rluqxi_png"},{"url":"resource/offline/qh6Z-bum2Lo9x6P.png","type":"image","name":"qh6Z-bum2Lo9x6P_png"},{"url":"resource/offline/-XVBl9RnzyNCGJP.mp3","type":"sound","name":"-XVBl9RnzyNCGJP_mp3"},{"url":"resource/offline/s1DTskI9CfjNmSm.png","type":"image","name":"s1DTskI9CfjNmSm_png"},{"url":"resource/offline/j5ObJ0oP6d_WlzY.png","type":"image","name":"j5ObJ0oP6d_WlzY_png"},{"url":"resource/offline/OHJSSIy2XMTus8b.png","type":"image","name":"OHJSSIy2XMTus8b_png"},{"url":"resource/offline/hjlei8vNTPDgLOS.mp3","type":"sound","name":"hjlei8vNTPDgLOS_mp3"},{"url":"resource/offline/f7H4REV0gu1uejv.png","type":"image","name":"f7H4REV0gu1uejv_png"},{"url":"resource/offline/9ogAE-DKG1p_ilK.png","type":"image","name":"9ogAE-DKG1p_ilK_png"},{"url":"resource/offline/C42PtA20W6TX_Yk.mp3","type":"sound","name":"C42PtA20W6TX_Yk_mp3"},{"url":"resource/offline/YlnSLXCQszgNTNp.png","type":"image","name":"YlnSLXCQszgNTNp_png"},{"url":"resource/offline/dicKyYTnAhL4rQ3.png","type":"image","name":"dicKyYTnAhL4rQ3_png"},{"url":"resource/offline/4z-_SxYSP1mTl_H.png","type":"image","name":"4z-_SxYSP1mTl_H_png"},{"url":"resource/offline/704TqQpMxhfbgsD.png","type":"image","name":"704TqQpMxhfbgsD_png"},{"url":"resource/offline/gnyAxoCnsv99AF4.mp3","type":"sound","name":"gnyAxoCnsv99AF4_mp3"},{"url":"resource/offline/wnNFOGtQsXtn9Gl.png","type":"image","name":"wnNFOGtQsXtn9Gl_png"},{"url":"resource/offline/1l3FU2FGCqpTPW_.png","type":"image","name":"1l3FU2FGCqpTPW__png"},{"url":"resource/offline/l2LrRYj1JVgEWJU.mp3","type":"sound","name":"l2LrRYj1JVgEWJU_mp3"},{"url":"resource/offline/APo6zWHJKekuGpQ.png","type":"image","name":"APo6zWHJKekuGpQ_png"},{"url":"resource/offline/80puhSDwmenZ816.mp3","type":"sound","name":"80puhSDwmenZ816_mp3"},{"url":"resource/offline/2-Oq3nbg4xnwo9t.png","type":"image","name":"2-Oq3nbg4xnwo9t_png"},{"url":"resource/offline/GcGM2BGgT3Ml6Vd.png","type":"image","name":"GcGM2BGgT3Ml6Vd_png"},{"url":"resource/offline/ihJWWYl56AaSx1n.png","type":"image","name":"ihJWWYl56AaSx1n_png"},{"url":"resource/offline/atmN05vRk-wVdE5.png","type":"image","name":"atmN05vRk-wVdE5_png"},{"url":"resource/offline/cx-j_7hOUvsgBOP.png","type":"image","name":"cx-j_7hOUvsgBOP_png"},{"url":"resource/offline/ndtmsx-tVlmGT6A.png","type":"image","name":"ndtmsx-tVlmGT6A_png"},{"url":"resource/offline/96FvZEoRfe2sEBS.png","type":"image","name":"96FvZEoRfe2sEBS_png"},{"url":"resource/offline/Sg3_26xySfMf3TN.png","type":"image","name":"Sg3_26xySfMf3TN_png"},{"url":"resource/offline/p8uYePZ8JnzMz6c.png","type":"image","name":"p8uYePZ8JnzMz6c_png"},{"url":"resource/offline/iBH1ada3_x2HKjG.png","type":"image","name":"iBH1ada3_x2HKjG_png"},{"url":"resource/offline/YNHlj7--ft64pa6.png","type":"image","name":"YNHlj7--ft64pa6_png"},{"url":"resource/offline/ga6NGrVZNTrhU0Q.png","type":"image","name":"ga6NGrVZNTrhU0Q_png"},{"url":"resource/offline/QbAK_8A0x7u4bOU.png","type":"image","name":"QbAK_8A0x7u4bOU_png"},{"url":"resource/offline/N4839hg7gRWWE9z.png","type":"image","name":"N4839hg7gRWWE9z_png"},{"url":"resource/offline/hFWMWomkb5qS735.png","type":"image","name":"hFWMWomkb5qS735_png"},{"url":"resource/offline/zh1CgqCboh9TUE9.png","type":"image","name":"zh1CgqCboh9TUE9_png"},{"url":"resource/offline/4iHxAYe0gxkJ7OC.mp4","type":"sound","name":"4iHxAYe0gxkJ7OC_mp4"},{"url":"resource/offline/W8hzyRPazpW7rM4.jpg","type":"image","name":"W8hzyRPazpW7rM4_jpg"},{"url":"resource/offline/odrnuEoCRgfPJjX.jpg","type":"image","name":"odrnuEoCRgfPJjX_jpg"},{"url":"resource/offline/MFSEunGM6RjZdZv.png","type":"image","name":"MFSEunGM6RjZdZv_png"}]}
